ID,age,gender,date_time,condition,chain,generation,phase,scene,map_code,dur,sec,desc,men_rot
B11,25,F,16-09-19/12:00-12:45,B,1,1,1,NaN,NaN,NaN,NaN,NaN,"1,927808035"
B11,25,F,16-09-19/12:00-12:45,B,1,1,2,1,B1121,3:21,201,Hej Drej højre om og ta’ dén vej! Fortsæt hele vejen til den røde væg (enden) Vejen ved din venstre arm skal du tage! Fortsæt nu igen til du møder en blindgyde (med en rød væg) Drej af til venstre før blindgyden. Fortsæt nu ligeud og gå forbi én vej på højre hånd! Så kommer der en stor kasse med grøn baggrund og lilla prikker på højre hånd (mener det er nummer 2 ved efter blindgyden beskrevet ved punkt) Sejr! Blomsten er din :) ,"1,927808035"
B11,25,F,16-09-19/12:00-12:45,M,1,1,3,2,M1132,3:42,222,"På startpodiet med alle veje foran dig, skal du tage vejen ved din højre arm. Der skal du fortsætte hele vejen ned indtil du møder den røde væg (enden) Drej så 90 grader venstre om og du vil finde blomsten ved nummer 4 åbning på venstre hånd lige før en kasse med lyseblå baggrund og mørkeblå pletter.","1,927808035"
B12,24,F,16-09-19/14:00-14:15,B,1,2,1,1,NaN,5:25,325,NaN,"2,419618121"
B12,24,F,16-09-19/14:00-14:15,B,1,2,2,2,B1222,3:48,228,Vend dig om og gå til højre; Fortsæt et stykke ligeud; Gå så til venstre; På en af de lange gange til højre vil blomsten være (det er efter den lange stjernevæg) ,"2,419618121"
B12,24,F,16-09-19/14:00-14:15,M,1,2,3,3,M1233,2:09,129,Vend dig om så du står modsat væggen du kigger ind i; Fortsæt lige ud - enten første eller anden vej; Gå til venstre ad denne vej; fortsæt lige ud et godt stykke (dobbelt så langt af det forrige); gå til højre og find blomsten,"2,419618121"
B13,22,M,16-09-19/15:00-15:15,B,1,3,1,2,NaN,0:56,56,NaN,"2,14344575"
B13,22,M,16-09-19/15:00-15:15,B,1,3,2,3,B1323,2:15,135,Fra startpositionen (ved porten) skal man i starten kigge til venstre og så gå så langt som muligt i den retning (indtil vejen drejer til højre). Ca. dér er blomsten.,"2,14344575"
B13,22,M,16-09-19/15:00-15:15,M,1,3,3,1,M1331,0:39,39,"Fra startpositionen kan man enten gå til venstre, højre eller ligeud.; For at finde blomsten skal man gå ligeud næsten hele vejen igennem ‘byen’.; Når man næsten er igennem byen er blomsten placeret “klokken tre” / lidt til højre ift. der hvor man kommer fra.","2,14344575"
B14,25,F,17-09-19/08:30-09:15,B,1,4,1,3,NaN,2:58,178,NaN,"4,256823975"
B14,25,F,17-09-19/08:30-09:15,B,1,4,2,4,B1424,3:53,233,"Gå til højre fra startpositionen Tag anden vej til venstre Gå forbi bygningen, som er blå med lilla streger Du kommer til en åben plads, hvor blomsten er på højre hånd","4,256823975"
B14,25,F,17-09-19/08:30-09:15,M,1,4,3,2,M1432,8:40,520,Gå til højre fra startpositionen Tag anden vej til venstre Gå forbi den åbne plads Efter pladsen tag anden vej til højre og der er blomsten. Blomsten er imellem 2 bygninger: på højre hånd har du en lilla bygning med brune pile og til venstre en sart grøn bygning med lilla ovale cirkler. Bag dig en hvid bygning med lilla stjerner.,"4,256823975"
B15,24,M,17-09-19/09:30-10:15,B,1,5,1,4,NaN,0:32,32,NaN,"3,131850798"
B15,24,M,17-09-19/09:30-10:15,B,1,5,2,5,B1525,9:10,550,Step Kig ligeud og du ser en rød bygning med blå firkanter på Step Gå derhen Step Tag vejen på venstre hånd lige inden bygningens begyndelse Step Tag derefter første vej på højre hånd Step Tag første vej på venstre hånd og du vil se blomsten (Bygningen ved siden af er en stor rød bygning med blå stjerner) ,"3,131850798"
B15,24,M,17-09-19/09:30-10:15,M,1,5,3,6,M1536,5:19,319,Step Tag vejen på højre hånd Step Tag 2 vej på venstre hånd Step Du kan nu se blomsten ved siden af en hvid bygning med lilla stjerner,"3,131850798"
B16,23,M,17-09-19/10:30-11:15,B,1,6,1,5,NaN,0:57,57,NaN,"1,580282872"
B16,23,M,17-09-19/10:30-11:15,B,1,6,2,6,B1626,5:12,312,Træd ud af startområdet Gå til højre indtil du er nået forbi den gule bygning med røde trekanter Drej til venstre og følg vejen indtil du når enden af den hvide bygning med lilla stjerner Se blomsten,"1,580282872"
B16,23,M,17-09-19/10:30-11:15,M,1,6,3,4,M1634,4:04,244,Træd ud af startområdet og gå til højre. Ved den anden vej drej til venstre (forbi det hvide hus med brune trekanter). Drej til højre ad den første vej. Her er blomsten.,"1,580282872"
B21,22,M,18-09-19/09:15-10:00,B,2,1,1,NaN,NaN,NaN,NaN,NaN,"1,900298815"
B21,22,M,18-09-19/09:15-10:00,B,2,1,2,2,B2122,3:22,202,Gå til højre når du kommer ud af porten Drej op ad anden vej til venstre. Drej ind ad tredje vej til højre. (Ved den røde og grønne væg) På midten af gangen er blomsten.,"1,900298815"
B21,22,M,18-09-19/09:15-10:00,M,2,1,3,1,M2131,1:21,81,Gå lige ud indtil du kommer til en plads. Gå tværs over pladsen og ind mellem den hvide bygning med blå pletter og den blå bygning. Der er blomsten.,"1,900298815"
B22,24,M,18-09-19/10:15-11:00,B,2,2,1,2,NaN,1:07,67,NaN,"1,7973477"
B22,24,M,18-09-19/10:15-11:00,B,2,2,2,4,B2224,3:55,235,Gå til højre lige når du kommer ud ad porten Tag anden vej til venstre Ved første vej til højre er blomsten er lige rundt om hjørnet ,"1,7973477"
B22,24,M,18-09-19/10:15-11:00,M,2,2,3,3,M2233,3:01,181,Gå til venstre lige når du kommer ud ad porten Drej til højre ad første vej Ved anden vej på venstre hånd er blomsten (lige efter en blå og lilla bygning),"1,7973477"
B23,25,M,18-09-19/11:15-12:00,B,2,3,1,4,NaN,0:34,34,NaN,"1,610517087"
B23,25,M,18-09-19/11:15-12:00,B,2,3,2,5,B2325,8:11,491,Fortsæt lige ud af porten gå første vej til venstre derefter første vej til højre og derefter er blomsten første vej til venstre,"1,610517087"
B23,25,M,18-09-19/11:15-12:00,M,2,3,3,6,M2336,1:42,102,Gå til højre ud af porten med det samme Tag anden vej til venstre Fortsæt ligeud indtil du ser blomsten,"1,610517087"
B24,22,F,18-09-19/13:00-13:45,B,2,4,1,5,NaN,3:01,181,NaN,"3,5909337"
B24,22,F,18-09-19/13:00-13:45,B,2,4,2,1,B2421,5:41,341,ud af port(startplatformen); gå til højre - følg vejen til du kommer forbi fjerde “indgang” til venstre; gå til venstre - følg vejen til du kommer forbi 4 indgang til venstre; gå til venstre - fortsæt forbi 3 “indgange” til højre; gå til højre - blomsten er foran dig,"3,5909337"
B24,22,F,18-09-19/13:00-13:45,M,2,4,3,4,M2434,3:14,194,"gå ud af startporten (platformen); gå til højre; gå forbi 2 “indgange”/veje til venstre, gå ind af den 3 til venstre ; gå lige ud indtil du kan gå til højre - du har fundet blomsten 
","3,5909337"
B25,28,F,18-09-19/15:15-16:00,B,2,5,1,1,NaN,4:40,280,NaN,"5,270795355"
B25,28,F,18-09-19/15:15-16:00,B,2,5,2,6,B2526,2:23,143,Gå til højre fra startporten; Drej til venstre ved første vej (den gule bygning); Fortsæt ligeud mod den lyserøde bygning med lilla stjerner,"5,270795355"
B25,28,F,18-09-19/15:15-16:00,M,2,5,3,5,M2535,3:19,199,Gå til venstre ved startporten; Drej til højre ved første vej; Fortsæt ligeud til den gule bygning med blå stjerne,"5,270795355"
B26,22,F,19-09-19/08:15-09:00,B,2,6,1,6,NaN,1:52,112,NaN,"4,572352388"
B26,22,F,19-09-19/08:15-09:00,B,2,6,2,3,B2623,1:56,116,"Gå til venstre ved startstedet; Tag første vej på højre hånd; I den første åbning, du møder skal du kigge mod venstre og tage vejen lige ud for dig i venstre side og følge bygningen, der er grøn med lilla prikker. Blomsten ligger på denne vej i højre side","4,572352388"
B26,22,F,19-09-19/08:15-09:00,M,2,6,3,2,M2632,4:32,272,Drej til højre ved startstedet; Fortsæt ligeud til du kommer til den lilla bygning med blå firkanter. Her drejer du til venstre; Fortsæt ligeud til du kommer til en lyseblå bygning med store lilla prikker.; Drej til højre. Her er blomsten.,"4,572352388"
B31,26,M,19-09-19/09:10-09:55,B,3,1,1,NaN,NaN,NaN,NaN,NaN,"2,663687474"
B31,26,M,19-09-19/09:10-09:55,B,3,1,2,6,B3126,2:30,150,"Træd ned fra platformen bagud. Drej til venstre og følg gangen helt til enden. Drej til venstre igen og tag sidste vej på venstre hånd. Kig til venstre mens du går langs gangen, ved første eller anden gang kan du se blomsten.","2,663687474"
B31,26,M,19-09-19/09:10-09:55,M,3,1,3,3,M3133,3:07,187,"Træd baglæns ned ad platformen og drej til højre. Følg gangen til enden og drej igen til højre. Gå ned ad gangen og kig til venstre, så er blomsten ved andet indhak. ","2,663687474"
B32,22,M,19-09-19/11:00-11:45,B,3,2,1,6,NaN,1:34,94,NaN,"2,102817005"
B32,22,M,19-09-19/11:00-11:45,B,3,2,2,3,B3223,2:03,123,Træd ned bagud fra platformen. Drej 180 grader og gå til venstre og dernæst til højre ved første mulighed. Fortsæt ligeud mellem to blå bygninger og drej til venstre ned af første vej.,"2,102817005"
B32,22,M,19-09-19/11:00-11:45,M,3,2,3,1,M3231,3:36,216,Gå bagud og drej 180 grader og gå da ligeud. Indtil man står ved en stor hvid bygning med blå cirkler på. Drej da til højre og venstre ved første mulighed.,"2,102817005"
B33,22,M,19-09-19/12:00-12:45,B,3,3,1,3,NaN,0:48,48,NaN,"2,570098798"
B33,22,M,19-09-19/12:00-12:45,B,3,3,2,4,B3324,1:38,98,Du ser ud fra startplatformen. Gå til højre og fortsæt ligeud. På venstre hånd ser du en gul bygning med røde trekanter. Drej til venstre efter denne. Herefter møder du rosen på højre hånd.,"2,570098798"
B33,22,M,19-09-19/12:00-12:45,M,3,3,3,2,M3332,4:10,250,Se ud fra platformen. Gå til højre. Fortsæt ligeud så længe det er muligt. Gå til venstre. Blomsten er tredje gang til venstre.,"2,570098798"
B34,22,F,19-09-19/14:00-14:45,B,3,4,1,4,NaN,0:49,49,NaN,"3,893207152"
B34,22,F,19-09-19/14:00-14:45,B,3,4,2,5,B3425,4:59,299,"Du går lige ud fra start porten, indtil at du kommer til en rød bygning med store blå kvadrater på venstre hånd. Du drejer ind til venstre lige inden den bygning. Derefter drejer du med det samme til højre og fortsætter, indtil at den hvide blomst kommer på din venstre side.","3,893207152"
B34,22,F,19-09-19/14:00-14:45,M,3,4,3,6,M3436,3:10,190,"Du går til højre fra start porten og fortsætter indtil, at der er en hvid bygning med brune trekanter på venstre hånd. Du drejer til venstre efter denne bygning. Blomsten er nu lige fremme.","3,893207152"
B35,20,F,19-09-19/15:00-15:45,B,3,5,1,5,NaN,0:26,26,NaN,"1,163751631"
B35,20,F,19-09-19/15:00-15:45,B,3,5,2,1,B3521,3:12,192,Du går lige ud fra porten. Når du kommer til en “plads” hvor der er relativt åbent er der en gul væg med blå ovaler på. Du skal gå til højre langs den - mellem den og en anden væg der er blå med blå stjerner. Umiddelbart til venstre finder du blomsten.,"1,163751631"
B35,20,F,19-09-19/15:00-15:45,M,3,5,3,4,M3534,2:11,131,Du skal gå til højre fra porten. På venstre side vil der være en rød væg med blå firkanter. Gå ind til venstre lige før den væg. Blomsten vil være på højre side lige når den røde væg med de blå firkanter slutter.,"1,163751631"
B36,25,F,20-09-19/09:15-10:00,B,3,6,1,1,NaN,1:09,69,NaN,"2,176947172"
B36,25,F,20-09-19/09:15-10:00,B,3,6,2,2,B3622,8:41,521,Drej til højre lige ved porten. Drej til venstre efter den gule bygning med røde trekanter. Drej til højre efter den blå bygning med røde trekanter.,"2,176947172"
B36,25,F,20-09-19/09:15-10:00,M,3,6,3,5,M3635,4:13,253,Gå ligeud fra porten. Drej til venstre imellem den røde bygning og brune bygning med blå firkanter. Drej til højre mellem den brune bygning med de blå firkanter og en blå bygning. På venstre hånd ved en orange bygning med blå stjerner finder du blomsten.,"2,176947172"
B41,21,F,20-09-19/10:15--11:00,B,4,1,1,NaN,NaN,NaN,NaN,NaN,"4,15796131"
B41,21,F,20-09-19/10:15--11:00,B,4,1,2,5,B4125,4:52,292,"Trin er at du skal dreje til venstre; Drej til højre ved første sving; Du kommer nu ud på en plads, her skal du gå lige ud mellem to blå bygninger med ternede røde striber på; Herefter går du i mellem dem, indtil du kan dreje til højre, første gang.; Her vil du finde blomsten","4,15796131"
B41,21,F,20-09-19/10:15--11:00,M,4,1,3,1,M4131,2:24,144,"Trin gå lige ud til du rammer den røde mur for enden.; Trin gå nu til højre, til du rammer enden igen; Her skal du igen dreje til højre og så finder du blomsten","4,15796131"
B42,36,M,20-09-19/11:15-12:00,B,4,2,1,5,NaN,1:55,115,NaN,"2,557402215"
B42,36,M,20-09-19/11:15-12:00,B,4,2,2,1,B4221,8:40,520,Gå mod den hvide bygning med lyserøde stjerner. Bag den kan man se en høj skriggrøn bygning med lilla ellipser på. Målet er ved foden af den,"2,557402215"
B42,36,M,20-09-19/11:15-12:00,M,4,2,3,4,M4234,5:51,351,Drej til højre; tag vej til venstre; se til højre,"2,557402215"
B43,22,F,20-09-19/12:00-12:45,B,4,3,1,1,NaN,1:36,96,NaN,"2,192806064"
B43,22,F,20-09-19/12:00-12:45,B,4,3,2,2,B4322,5:36,336,Gå ligefrem til den høje hvide bygning med lilla stjerner; Gå højre om den hvide bygning med lilla stjerner; Blomsten kan ses derfra ned ad en sidegade ved den blå bygning med røde trekanter,"2,192806064"
B43,22,F,20-09-19/12:00-12:45,M,4,3,3,3,M4333,1:25,85,Start med at gå mod venstre; Gå så til højre op til den mintgrønne bygning med lilla pletter; Gå hen i hjørnet af den bygning og find blomsten på højre hånd,"2,192806064"
B44,22,M,20-09-19/13:00-13:45,B,4,4,1,2,NaN,2:23,143,NaN,"2,907959211"
B44,22,M,20-09-19/13:00-13:45,B,4,4,2,6,B4426,3:45,225,Gå ligefrem til den høje hvide bygning med lilla stjerner; Gå rundt om den hvide bygning med lilla stjerner og du finder en blomst. ,"2,907959211"
B44,22,M,20-09-19/13:00-13:45,M,4,4,3,5,M4435,4:40,280,Gå frem til den brune bygning med blå firkanter.; Gå til venstre ad første vej og til højre igen således at du kommer om bag bygningen.; Her er der en sidegade til venstre hvor blomsten er. ,"2,907959211"
B45,18,F,20-09-19/14:00-14:45,B,4,5,1,6,NaN,2:32,152,NaN,"2,058882537"
B45,18,F,20-09-19/14:00-14:45,B,4,5,2,3,B4523,3:10,190,Kig ud mod byen (ikke ind mod den lukkede gang) drej til venstre af den første vej. Drej derefter til højre. Du kommer til 2 blå bygninger med en smal vej mellem dem. Følg denne smalle vej mellem de 2 blå bygninger og blomsten vil være på din venstre side. ,"2,058882537"
B45,18,F,20-09-19/14:00-14:45,M,4,5,3,2,M4532,2:39,159,Kig først væk mod den røde mur (kig mod byen) Drej til højre med det samme og følg denne vej indtil den røde mur. Drej derefter til venstre og følg denne vej. Blomsten vil være på venstre side af dig i den 4. gyde.,"2,058882537"
B46,18,M,20-09-19/15:00-15:45,B,4,6,1,3,NaN,1:17,77,NaN,"2,265921682"
B46,18,M,20-09-19/15:00-15:45,B,4,6,2,4,B4624,4:23,263,"Vend modsatrettet porten. Drej til højre indtil en blålilla bygning mødes. Drej til venstre, således den blålilla bygning er på højre hånd. Blomsten kan ses til højre efter bygningen.","2,265921682"
B46,18,M,20-09-19/15:00-15:45,M,4,6,3,6,M4636,2:16,136,"Vend hovedet modsat porten. Drej til højre. Anden gang muligt, drej til venstre. Der vil være en blålilla bygning til venstre det sted hvor der skal drejes. Fortsæt ligeud og blomsten vil findes.","2,265921682"
B51,22,F,20-09-19/16:00-16:45,B,5,1,1,NaN,NaN,NaN,NaN,NaN,"1,017866799"
B51,22,F,20-09-19/16:00-16:45,B,5,1,2,3,B5123,3:56,236,"gå til venstre; ved den sidste mulighed for at dreje til højre, drej til højre; gå til den store plads, der ligger ved enden af vejen; drej til højre; nu burde blomsten være der","1,017866799"
B51,22,F,20-09-19/16:00-16:45,M,5,1,3,6,M5136,2:25,145,"drej til højre; gå ligeud, kryds én gade; drej til venstre; gå ligeud, kryds to gader; nu skulle blomsten være der","1,017866799"
B52,21,F,23-09-19/08:00-08:45,B,5,2,1,3,NaN,11:11,671,NaN,"1,59952334"
B52,21,F,23-09-19/08:00-08:45,B,5,2,2,5,B5225,5:57,357,Gå ind ad porten og fortsæt lige ud; Drej til venstre lige inden den rød og blå-ternede bygning; Drej til højre lige efter den samme rød og blå-ternede bygning; Følg gangen; Blomsten dukker op venstre side,"1,59952334"
B52,21,F,23-09-19/08:00-08:45,M,5,2,3,2,M5232,1:41,101,Gå ind ad porten og følg gangen til venstre; Drej til venstre for enden af gangen; Drej til venstre igen lige inden lyseblå bygning med blå-lilla pletter.; Her er blomsten,"1,59952334"
B53,25,F,23-09-19/09:00-09:45,B,5,3,1,5,NaN,0:43,43,NaN,"4,048490935"
B53,25,F,23-09-19/09:00-09:45,B,5,3,2,6,B5326,3:43,223,Du starter ved porten; Gå til højre med det samme til du ser en gul bygning med røde pile på venstre hånd (ca. 5 meter); Drej til venstre og følg gangen ca. 7 meter; Blomsten bliver nu synlig ved en hvid bygning med lille stjerner,"4,048490935"
B53,25,F,23-09-19/09:00-09:45,M,5,3,3,1,M5331,2:55,175,Du starter ved porten; Gå lige ud til du når en stor åben plads (ca. 10 meter); Lige fremme - en anelse til højre - ses en hvid bygning med store blå cirkler; Lige til højre for denne bygning ligger blomsten,"4,048490935"
B54,24,M,23-09-19/10:00-10:45,B,5,4,1,6,NaN,1:10,70,NaN,"1,886494262"
B54,24,M,23-09-19/10:00-10:45,B,5,4,2,2,B5422,2:28,148,"start ved porten og gå til højre i første kryds; Fortsæt lige ud indtil der kommer en gul bygning med røde stjerne på venstre hånd (ca 10 meter) - drej til venstre efter denne.; fortsæt lige ud forbi den gule bygning . på venstre hånd kommer en hvid bygning med lilla stjerne - fortsæt lige ud med denne på venstre hånd - i alt ca 25 meter fremad); Der kommer en blå bygning med orange/røde pletter på højre side. efter denne, ses blomsten på højre hånd","1,886494262"
B54,24,M,23-09-19/10:00-10:45,M,5,4,3,4,M5434,1:08,68,"gå fra porten frem i første kryds (3-4 meter); drej til højre - gå FORBI 2 blokke på din venstre hånd, til du står i et kryds igen (cirka 15 meter); drej til venstre - gå FORBI 1 blok på højre hånd (cirka 7-8 meter); drej til højre - her findes blomsten lige om hjørnet efter den 1. blok","1,886494262"
B55,24,F,23-09-19/11:00-11:45,B,5,5,1,2,NaN,2:30,150,NaN,"2,317172884"
B55,24,F,23-09-19/11:00-11:45,B,5,5,2,4,B5524,5:40,340,Du står med ryggen til porten og drejer til højre. Du kan se den store gule bygning med røde trekanter og drejer til venstre efter den. Du går ligeud og finder blomsten lige ved hjørnet af den bygning der er lyserød med store blå firkanter/blå med lyserødt gitter.,"2,317172884"
B55,24,F,23-09-19/11:00-11:45,M,5,5,3,3,M5533,2:22,142,"Du står med ryggen til porten og drejer til venstre. Du går hele vejen forbi den store røde bygning, hen mod den bygning med de mange prikker/cirkler. Du drejer til højre efter den røde bygning og kan nu se en blå bygning sådan lidt i midten - du skal venstre om denne, for blomsten er bagved den blå bygning. Du går altså nu med en blå bygning på højre hånd og en prikket på venstre.","2,317172884"
B56,25,F,23-09-19/12:30-13:15,B,5,6,1,4,NaN,0:54,54,NaN,"2,114749608"
B56,25,F,23-09-19/12:30-13:15,B,5,6,2,1,B5621,7:55,475,Stil dig med ryggen til porten og gå ligeud af vejen foran dig. Når du når pladsen skal du dreje til højre efter den ensfarvede blå bygning. Blomsten finder du til venstre før den grønne bygning med lyseblå cirkler.,"2,114749608"
B56,25,F,23-09-19/12:30-13:15,M,5,6,3,5,M5635,6:22,382,Stil dig med ryggen til porten og gå lige ud. drej til venstre før den orange bygning med blå firkanter og drej til højre igen efter selv samme bygning (orange med blå firkanter). Blomsten finder du når du drejer til højre lige før den orange bygning med blå stjerner.  ,"2,114749608"
B61,22,M,23-09-19/13:30-14:15,B,6,1,1,NaN,NaN,NaN,NaN,NaN,"1,999263486"
B61,22,M,23-09-19/13:30-14:15,B,6,1,2,4,B6124,0:33,33,"Drej til højre fra platformen og ud på en vej, følg vejen; Tag anden sidevej til venstre og følg den; Blomsten ligger på hjørnet ved bygningen til højre","1,999263486"
B61,22,M,23-09-19/13:30-14:15,M,6,1,3,6,M6136,2:20,140,Drej til højre ud på vejen; Tag anden sidevej til venstre; følg denne vej forbi “torvet” og forbi 2 sideveje til højre; Her finder du blomsten på midten af vejen,"1,999263486"
B62,23,M,23-09-19/14:30-15:15,B,6,2,1,4,NaN,0:37,37,NaN,"1,566994953"
B62,23,M,23-09-19/14:30-15:15,B,6,2,2,6,B6226,3:16,196,"Fra platformen, tag vejen til højre og følg den.; Tag anden sidevej til venstre og følg den.; Fortsæt ad denne vej lige ud i noget tid,; Blomsten ligger på denne vej, mellem den hvide og den blå bygning","1,566994953"
B62,23,M,23-09-19/14:30-15:15,M,6,2,3,1,M6231,3:30,210,"Fra platformen, tag vejen til højre og følg den.; Tag anden vej til venstre og følg den.; Tag tredje vej til venstre og derefter til højre, blomsten er der med det samme.","1,566994953"
B63,20,F,23-09-19/15:30-16:15,B,6,3,1,6,NaN,0:48,48,NaN,"2,03549603"
B63,20,F,23-09-19/15:30-16:15,B,6,3,2,1,B6321,4:00,240,"Fra buen skal du ligeud i krydset. Her fortsætter du noget tid indtil du når hen til en slags plads. På den modsatte side af pladsen (i forhold til hvor du kom fra) er der en blå bygning med gule prikker, her drejer du til højre, og drejer straks til venstre igen efter bygningen - her er blomsten. ","2,03549603"
B63,20,F,23-09-19/15:30-16:15,M,6,3,3,3,M6333,2:26,146,"Fra buen af skal du straks til venstre i krydset, så til højre første gang du har mulighed for at dreje. Nu skal du fortsætte ligeud i noget tid indtil du når mellem to blå bygninger med mørkeblå tern. Du skal dreje til venstre lige efter denne blå bygning på din venstre side. ","2,03549603"
B64,25,F,23-09-19/16:30-17:15,B,6,4,1,1,NaN,1:23,83,NaN,"2,761978601"
B64,25,F,23-09-19/16:30-17:15,B,6,4,2,3,B6423,1:22,82,"Du står på startpladsen og går til venstre med det samme, så den mørkerøde bygning er på venstre hånd. Du fortsætter ligeud indtil en stor plads kommer, hvor du ser en grøn bygning med lilla prikker. Denne bygning går du venstre om indtil du når blomsten.","2,761978601"
B64,25,F,23-09-19/16:30-17:15,M,6,4,3,2,M6432,2:46,166,"Du står på pladsen og går straks til højre, hvor du følger denne vej indtil den bliver blind. Gå herefter til venstre, så du får den blå bygning med hvide stjerner på højre hånd. Her går du til venstre, så du ser en mintgrøn bygning med lilla prikker. Her er blomsten. ","2,761978601"
B65,23,M,25-09-19/11:00-11:45,B,6,5,1,3,NaN,1:27,87,NaN,"2,771302673"
B65,23,M,25-09-19/11:00-11:45,B,6,5,2,2,B6522,1:52,118,"Så snart du kommer ind, drejer du til højre, fortsætte til højre, indtil du støder på kanten af verden, herefter drejer du til venstre, indtil du kommer frem til en væg der er grøn med lilla pletter, når du møder denne væg, drejer du til venstre, hvor blomsten er lige foran dig.","2,771302673"
B65,23,M,25-09-19/11:00-11:45,M,6,5,3,5,M6535,4:50,290,"Først gå ligefrem, indtil du passerer den røde bygning, (lige før du kommer til den hvide med blå stjerner), her drejer du til venstre, lige efter du har passeret den, drejer du til højre, og næste gang det er muligt drejer du til venstre hvor blomsten er. Altså lige ud, venstre, højre, venstre.","2,771302673"
B66,23,F,25-09-19/12:00-12:45,B,6,6,1,2,NaN,1:05,65,NaN,"1,915534615"
B66,23,F,25-09-19/12:00-12:45,B,6,6,2,5,B6625,9:13,553,Gå lige ud og drej til venstre ved den mørkerøde bygning. Drej til højre første gang. Drej derefter til venstre første gang.,"1,915534615"
B66,23,F,25-09-19/12:00-12:45,M,6,6,3,4,M6634,2:15,135,"Gå lige ud og drej til højre lige inden bygningen med stjerner. Følg den bygning, så den er på din venstre side ud til en åben plads, hvor blomsten går ovre til højre.","1,915534615"
M11,23,F,25-09-19/13:00-13:45,M,1,1,1,NaN,NaN,NaN,NaN,NaN,"4,696884333"
M11,23,F,25-09-19/13:00-13:45,M,1,1,2,1,M1121,3:02,182,Du står i porten og kigger lige ud. Du går lige ud indtil du når et stort firkantet åbent rum i enden. Nu står du i venstre hjørne i bunden af firkanten og blomsten er i højre hjørne i toppen af firkanten (ind af en lille sidevej du nok kan se).,"4,696884333"
M11,23,F,25-09-19/13:00-13:45,B,1,1,3,2,B1132,5:56,354,"Du står ved porten og kigger ligeud. Du går ligeud et stykke tid indtil du når til et åbent rum. På din højre side er der en lyserød væg med små stjerner og den følger du bare til højre. Du når nu et sted hvor du kan gå ad tre veje. Gå en lille smule til højre, hvor du ser en væg med blå/røde trekanter/pile. Lige der ad en vej til venstre er blomsten.","4,696884333"
M12,22,F,25-09-19/14:15-15:00,M,1,2,1,1,NaN,1:00,60,NaN,"1,842634375"
M12,22,F,25-09-19/14:15-15:00,M,1,2,2,2,M1222,1:32,92,"Du står i porten og kigger lige ud. Du drejer til højre, da du drejer ud af porten. Du går ligeud, hele vejen ind til slutningen af vejen. derefter drejer du til venstre og går lige ud, indtil du finder blomsten på din venstre side, i 3. åbning til venstre.","1,842634375"
M12,22,F,25-09-19/14:15-15:00,B,1,2,3,3,B1233,4:28,268,"Du står i  porten. Du går ligeud indtil du ser en stor lyserød bygning med lilla stjerner på, gå lige ud, indtil den slutter. Derefter drej til venstre, og følg den gule bygning med blå cirkler på. Da den bygning slutter, drej til venstre igen, indtil du møder en grøn bygning med lilla cirkler på, den ankommer lige efter den gule. da den slutter, skulle du finde blomsten på din højre side, i den første åbning.","1,842634375"
M13,22,F,25-09-19/15:15-16:00,M,1,3,1,2,NaN,1:18,78,NaN,"1,933479836"
M13,22,F,25-09-19/15:15-16:00,M,1,3,2,3,M1323,2:47,167,Du går ud til venstre og ned ad den første “gade”. Der finder du blomsten på venstre hånd efter lidt tid. ,"1,933479836"
M13,22,F,25-09-19/15:15-16:00,B,1,3,3,1,B1331,3:27,207,Du går til venstre og ned langs den grønne væg med blå prikker og følger den til du ser en væg i en anden farve med prikker (kan ikke huske farven). Den følger du ned til venstre. Så skulle du gerne se en gul væg med blå prikker. Den følger du lidt til venstre indtil der er en åbning på højre side. Den går du nedad og blomsten er så på højre side hernede. ,"1,933479836"
M14,21,M,25-09-19/16:15-17:00,M,1,4,1,3,NaN,2:16,136,NaN,"3,839158583"
M14,21,M,25-09-19/16:15-17:00,M,1,4,2,4,M1424,3:04,184,Gå til højre ud af porten.; Gå til venstre 2. gang du har muligheden for det.; Kort efter vil blomsten være på en åben plads på din højre side.,"3,839158583"
M14,21,M,25-09-19/16:15-17:00,B,1,4,3,2,B1432,9:59,599,"Gå til højre ud af porten. Fortsæt til du møder endevæggen og en grøn bygning. Drej til venstre ad denne gade. Gå til venstre 3. gang du har mulighed for det, her finder du blomsten :-)  ","3,839158583"
M15,24,M,26-09-19/08:00-08:45,M,1,5,1,4,NaN,0:40,40,NaN,"1,606847115"
M15,24,M,26-09-19/08:00-08:45,M,1,5,2,5,M1525,4:29,269,"Gå lige frem ud af porten.; Tag anden vej til venstre. Bygningen på hjørnet er rød uden mønster. (Obs., første vej til venstre er lige ved udgangen af porten - den anden vej til venstre er den efter).; Tag den første vej til højre.; Blomsten ligger ved den første vej til venstre.","1,606847115"
M15,24,M,26-09-19/08:00-08:45,B,1,5,3,6,B1536,3:39,219,"Gå til højre umiddelbart ude af porten.; Tag den anden vej til venstre. Fortsæt ligeud: først er der en gul væg med røde trekanter på venstre side, og bagefter kommer der en hvid væg med lyserøde stjerner.; Blomsten ligger ligefrem, på højre side.","1,606847115"
M16,25,F,26-09-19/09:00-09:45,M,1,6,1,5,NaN,0:27,27,NaN,"2,063683385"
M16,25,F,26-09-19/09:00-09:45,M,1,6,2,6,M1626,2:03,123,"Gå ud af porten og drej til højre med det samme. Gå lige ud af gangen og drej til venstre af gang nummer to. Fortsæt lige ud til blomsten findes, næsten helt nede for enden af gangen.","2,063683385"
M16,25,F,26-09-19/09:00-09:45,B,1,6,3,4,B1634,3:08,188,Gå ud af porten og gå straks til højre. Fortsæt lige ud af gangen og drej til venstre af vej nummer to. gå forbi bygningen der er rød og blå og drej til højre af første vej. Lige omkring hjørnet findes blomsten.,"2,063683385"
M21,24,F,26-09-19/12:00-12:45,M,2,1,1,NaN,NaN,NaN,NaN,NaN,"2,789964145"
M21,24,F,26-09-19/12:00-12:45,M,2,1,2,2,M2122,1:50,170,"For at finde blomsten starter ved porten og kigger til højre. Du går to gader ned til højre og har kanten af byen på din højre side. Når du står i krydset ved anden gade, drejer du til venstre og går tre gader ned, hvor blomsten vil kunne ses på din højre side.","2,789964145"
M21,24,F,26-09-19/12:00-12:45,B,2,1,3,1,B2131,2:46,164,- Start ved porten; - gå ligeud ad den lidt snoede sti (bygning med rød+blå firkanter på venstre hånd); - fortsæt til en stor åben plads helt hen til bygningen med gule og blå prikker.; - Gå lige ud indtil du rammer den gule og blå prikkede bygning; - kig til højre og spot bygningen med grønne+blå firkanter ; - når du næsten er nået hen til denne bygning vil blomsten dukke op på stien til venstre.,"2,789964145"
M22,21,M,26-09-19/13:00-13:45,M,2,2,1,2,NaN,1:03,63,NaN,"1,915996247"
M22,21,M,26-09-19/13:00-13:45,M,2,2,2,4,M2224,5:40,340,"Hej! Du går to blokke til højre, en blok til venstre og så ser du ned til højre.","1,915996247"
M22,21,M,26-09-19/13:00-13:45,B,2,2,3,3,B2233,4:12,252,"Hello there! Du går én blok til venstre, så drejer du til højre (tror jeg) og krydser pladsen, og går igennem den mørkeblå passage, til du ser blomsten på den venstre hånd mellem de mørkeblå huse og de grøn/lilla huse. Good luck!","1,915996247"
M23,31,F,26-09-19/14:00-14:45,M,2,3,1,4,NaN,1:56,116,NaN,"3,621785156"
M23,31,F,26-09-19/14:00-14:45,M,2,3,2,5,M2325,5:58,358,"kig lige ud fra porten, gå to blokke og drej til venstre , gå to blokke og drej til højre og kig til højre - imellem en blå blok og en rød blok med blå pletter","3,621785156"
M23,31,F,26-09-19/14:00-14:45,B,2,3,3,6,B2336,4:32,272,gå fra porten mod den lyserøde blok med røde stjerner og gå rundt om den blok . ,"3,621785156"
M24,24,M,26-09-19/15:00-15:45,M,2,4,1,5,NaN,1:41,101,NaN,"1,452656694"
M24,24,M,26-09-19/15:00-15:45,M,2,4,2,1,M2421,1:27,87,"Du starter i porten. Gå lige frem næsten indtil bunden af vejen, hvor du ser en blå prikket bygning på din højre side. Drej til højre og hold den prikkede bygning på din venstre hånd. Ved første venstre sving ser du blomsten. Selv tak ;)","1,452656694"
M24,24,M,26-09-19/15:00-15:45,B,2,4,3,4,B2434,2:58,178,Du starter i porten. Drej til første højre. Tag anden vej på venstre hånd ved den gule bygning med de røde pile. Rundt om første hjørne på højre hånd er blomsten.,"1,452656694"
M25,21,F,27-09-19/09:00-09:45,M,2,5,1,1,NaN,1:16,76,NaN,"3,521060959"
M25,21,F,27-09-19/09:00-09:45,M,2,5,2,6,M2526,5:57,357,"Start med at gå lige ud, til du ser en høj hvid bygning med lilla stjerner på den højre hånd. Bygningen skal være på din venstre side, når du er drejet. Fortsæt frem til du kan dreje til venstre. Blomsten er nu lige frem. God fornøjelse :-) ","3,521060959"
M25,21,F,27-09-19/09:00-09:45,B,2,5,3,5,B2535,3:28,208,"Start med at gå lige ud mod den hvide bygning med lilla stjerner. Drej til venstre, når du står mellem den hvide bygning med stjerne, og den røde bygning med blå firkanter. Hold bygning med blå firkanter på din højre hånd. Drej til højre første gang det er muligt. Fortsæt frem mod den røde bygning med blå stjerner, blomsten er nu på venstre hånd.  ","3,521060959"
M26,22,M,27-09-19/10:00-10:45,M,2,6,1,6,NaN,1:10,70,NaN,"2,445174078"
M26,22,M,27-09-19/10:00-10:45,M,2,6,2,3,M2623,4:15,255,"Drej til venstre med det samme. Drej derefter til højre for enden af den røde bygning på højre hånd. Gå derefter lige ud indtil, du er forbi den høje blå ternet bygning på venstre hånd. Blomsten vil være til venstre efter denne blå bygning.  ","2,445174078"
M26,22,M,27-09-19/10:00-10:45,B,2,6,3,2,B2632,6:24,384,Drej til højre med det samme. Gå lige ud til du støder på en mørkeblå bygning lige fremme. Denne skal du gå lidt til højre for og derefter lige ud så du har den gule bygning med blå cirkler på højre side. Når du når enden af en lyseblå bygning med røde cirkler drej til venstre. Gå lige ud indtil du er i starten af en  grøn bygning med lilla cirkler. Blomsten vil være til venstre før den grønne bygning med lilla cirkler. ,"2,445174078"
M31,21,M,27-09-19/11:00-11:45,M,3,1,1,NaN,NaN,NaN,NaN,NaN,"2,182951488"
M31,21,M,27-09-19/11:00-11:45,M,3,1,2,6,M3126,2:21,141,"Jeg gik ligeud indtil jeg kom til fjerde vej på min højre hånd, som også var en stor plads, her gik jeg til højre og så drejede jeg til højre igen ved den første vej på højre hånd.","2,182951488"
M31,21,M,27-09-19/11:00-11:45,B,3,1,3,3,B3133,2:49,169,"Jeg gik til venstre lige med det samme og drejede så til højre ved den første vej på højre hånd, herefter fortsatte jeg ligeud, igennem den store plads, indtil jeg mødte den første vej på venstre hånd, hvor blomsten var.","2,182951488"
M32,22,F,27-09-19/12:00-12:45,M,3,2,1,6,NaN,0:46,46,NaN,"1,265365852"
M32,22,F,27-09-19/12:00-12:45,M,3,2,2,3,M3223,1:34,94,"Drej til venstre ved anden vej på venstre hånd. Følg vejen en blok frem, hvor du kommer til en lille plads. Her drejer du til højre, og derefter til venstre ved første vej på venstre hånd.","1,265365852"
M32,22,F,27-09-19/12:00-12:45,B,3,2,3,1,B3231,2:34,154,"Start med at dreje til højre og følg vejen indtil den ender blindt lige fremme. Her drejer du til venstre, og følger igen vejen indtil den ender blindt. Drej igen til venstre, og anden vej på højre hånd finder du blomsten.","1,265365852"
M33,23,F,27-09-19/13:00-13:45,M,3,3,1,3,NaN,0:50,50,NaN,"1,875783049"
M33,23,F,27-09-19/13:00-13:45,M,3,3,2,4,M3324,1:50,110,Gå ud fra platformen og mod højre. Derefter tager du anden vej til venstre (lige før det blå/lilla-ternede hus - og lige efter et lyst hus med orange/brune trekanter). Derefter drejer du til højre med det samme (du skal kun lige rundt om hjørnet på det blå/lilla hus) - og så skulle der gerne være gevinst.,"1,875783049"
M33,23,F,27-09-19/13:00-13:45,B,3,3,3,2,B3332,8:05,485,"Du starter på platformen. Går til højre med det samme. Tager anden vej på venstre hånd, som er lige efter en gul blok med trekanter og lige før en blå/lilla-ternet blok. Herefter fortsætter du ligeud til den mørkeblå blok (mener, der er noget rødt på den - måske faktisk trekanter) - i hvert fald er den på højre side, hvor der er en stjernet blok på venstre side. Efter denne drejer du til højre (det er vist den tredje vej til højre). Og så bør der være gevinst.","1,875783049"
M34,25,F,27-09-19/14:00-14:45,M,3,4,1,4,NaN,0:46,46,NaN,"2,195488437"
M34,25,F,27-09-19/14:00-14:45,M,3,4,2,5,M3425,4:08,248,"Når du kommer ud fra porten skal du gå lige ud. Derefter skal du dreje til venstre ad 2. sidevej lige efter den røde ensfarvede bygning, og lige inden den orange/blå firkantede bygning. derefter skal du dreje direkte til højre lige efter den blå/orange bygning og inden en blå/lilla bygning. Når du kommer til den første vej til venstre efter den blå/lilla bygning, er den hvide blomst lige foran dig.","2,195488437"
M34,25,F,27-09-19/14:00-14:45,B,3,4,3,6,B3436,7:04,424,Når du kommer ud fra porten skal du gå direkte til højre ad 1. sidevej. så skal du gå til venstre ad 2. sidevej efter den gule/rød trekantede bygning. Derefter skal du gå lige ud til du har en lyserød/lilla stjernet bygning til venstre for dig. Den skal være på din venstre hånd mens du fortsætter lige ud. Så ser du den hvide blomst forude mellem den lyserød/lilla bygning og en grøn/lilla bygning.,"2,195488437"
M35,19,F,27-09-19/15:00-15:45,M,3,5,1,5,NaN,0:48,48,NaN,"4,452426346"
M35,19,F,27-09-19/15:00-15:45,M,3,5,2,1,M3521,4:17,257,"Når du står i porten, skal du bare fortsætte ned ad vejen indtil du når en stor åben plads. Før du går ud på pladsen vil du have en hvid bygning med lilla stjerner på din højre side og en rød bygning med blå vinduer på din venstre side. Når du står mellem disse to bygninger kan du se blomsten, hvis du kigger skråt til højre imellem to blå bygninger.","4,452426346"
M35,19,F,27-09-19/15:00-15:45,B,3,5,3,4,B3534,4:10,250,"Når du står ved porten, skal du dreje til højre af første sidevej. Du fortsætter lige ud af denne vej indtil du når 2. sidevej på venstre side. Her drejer du til venstre efter en gul bygning med røde pile og før en blå bygning. Derefter skal du dreje til højre med det samme, og her vil du finde blomsten.","4,452426346"
M36,32,M,30-09-19/08:00-08:45,M,3,6,1,1,NaN,1:15,75,NaN,"3,755054919"
M36,32,M,30-09-19/08:00-08:45,M,3,6,2,2,M3622,3:10,190,Når du står ved porten drej mod højre gå og gå lige og tag anden vej til venstre. Fortsæt et godt stykke op ad vejen indtil du når til nogle bygninger som har fyldt med (lilla) stjerner på din venstre og orange trekanter på din højre. Hvis du drejer til højre rundt om hjørnet ved bygningen med trekanterne vil blomsten stå lige foran dig. ,"3,755054919"
M36,32,M,30-09-19/08:00-08:45,B,3,6,3,5,B3635,2:31,151,"Når du står i porten gå da ligeud hen imod den rødvinsfarvede bygning og drej til venstre om den. Tag nogle få skridt frem indtil du ser den første vej på højre. Du vil have frit udsyn til en blå og rød bygning med stjerner på. Gå ned af vejen og stil dig ved bygningen, og blomsten vil være nærmest lige for fødderne af dig. ","3,755054919"
M41,20,M,30-09-19/09:00-09:45,M,4,1,1,NaN,NaN,NaN,NaN,NaN,"2,07706052"
M41,20,M,30-09-19/09:00-09:45,M,4,1,2,5,M4125,0:56,56,"Lige ud, første vej til venstre, derefter til højre, og så til venstre igen.","2,07706052"
M41,20,M,30-09-19/09:00-09:45,B,4,1,3,1,B4131,1:24,84,"Lige ud indtil, at der kommer en plads. På pladsen skal man tage vejen nede i det fjerne højre hjørne, og dreje til venstre igen med det samme.","2,07706052"
M42,21,M,30-09-19/10:00-10:45,M,4,2,1,5,NaN,0:41,41,NaN,"2,868151181"
M42,21,M,30-09-19/10:00-10:45,M,4,2,2,1,M4221,2:24,144,Lige ud indtil man ser en stor tom plads. Kig mod nordøst.,"2,868151181"
M42,21,M,30-09-19/10:00-10:45,B,4,2,3,4,B4234,3:33,213,Gå direkte til højre. Gå til den anden udgang til venstre. Gå gennem gangen og kig til højre.,"2,868151181"
M43,23,M,30-09-19/11:00-11:45,M,4,3,1,1,NaN,0:56,56,NaN,"2,06753638"
M43,23,M,30-09-19/11:00-11:45,M,4,3,2,2,M4322,2:36,156,"Gå til højre med det samme, så tag 2. til venstre, derefter 3. til højre.","2,06753638"
M43,23,M,30-09-19/11:00-11:45,B,4,3,3,3,B4333,4:46,286,"Fra porten, tag ikke første, men anden til venstre, derefter 2. til højre. Fortsæt lige ud indtil du finder blomsten første til venstre.","2,06753638"
M44,24,M,30-09-19/12:00-12:45,M,4,4,1,2,NaN,0:56,56,NaN,"3,043024765"
M44,24,M,30-09-19/12:00-12:45,M,4,4,2,6,M4426,2:56,176,"1. til højre, 2. til venstre og så ligefrem.","3,043024765"
M44,24,M,30-09-19/12:00-12:45,B,4,4,3,5,B4435,3:31,211,"Fremad, og tag 2. til venstre, 1. til højre, og så er den første gang til venstre.","3,043024765"
M45,20,M,30-09-19/13:00-13:45,M,4,5,1,6,NaN,1:10,70,NaN,"1,943147079"
M45,20,M,30-09-19/13:00-13:45,M,4,5,2,3,M4523,2:42,162,"Første til venstre, første til højre, anden til venstre","1,943147079"
M45,20,M,30-09-19/13:00-13:45,B,4,5,3,2,B4532,2:52,172,"Første højre, anden venstre (efter røde trekanter på gul bygning), tredje højre (før grønne cirkler på blå bygning)","1,943147079"
M46,22,F,30-09-19/14:00-14:45,M,4,6,1,3,NaN,0:43,43,NaN,"2,582857641"
M46,22,F,30-09-19/14:00-14:45,M,4,6,2,4,M4624,4:45,285,gå til højre med det samme. gå til venstre anden gang. gå lidt frem og blomsten er ved højre side ,"2,582857641"
M46,22,F,30-09-19/14:00-14:45,B,4,6,3,6,B4636,1:20,80,Kig lige frem og se den hvide væg med lyserøde stjerne. Gå hen til den. Følg væggen højre om - og fortsæt med din venstre side langs væggen til du finder blomsten,"2,582857641"
M51,24,F,30-09-19/15:00-15:45,M,5,1,1,NaN,NaN,NaN,NaN,NaN,"4,756404185"
M51,24,F,30-09-19/15:00-15:45,M,5,1,2,3,M5123,4:06,246,Start med at dreje til venstre først gang. Herefter hele vejen ned langs denne vej og drej til højre ved den sidste vej. Herefter fortsæt ned ad denne vej til der kommer en åben plads. Efter den åbne plads er blomsten på venstre hånd.,"4,756404185"
M51,24,F,30-09-19/15:00-15:45,B,5,1,3,5,B5135,5:41,341,Gå ret frem. Tag derefter første vej til venstre. Tag så første vej til højre. Til sidst er blomsten ved første vej på venstre hånd.,"4,756404185"
M52,23,F,30-09-19/16:00-16:45,M,5,2,1,3,NaN,0:58,58,NaN,"3,763633761"
M52,23,F,30-09-19/16:00-16:45,M,5,2,2,5,M5225,4:29,269,"Start med at gå til venstre. Gå ned af vejen og drej til højre ved den sidste vej. Gå ned ad denne vej og ved anden vej på højre, hånd finder du blomsten.","3,763633761"
M52,23,F,30-09-19/16:00-16:45,B,5,2,3,2,B5232,11:09,669,Start med at gå til højre. - Gå HELT til enden af denne vej - Drej til venstre - Tredje vej på venstre hånd finder du blomsten.,"3,763633761"
M53,21,F,01-10-19/08:00-08:45,M,5,3,1,5,NaN,0:44,44,NaN,"3,342223242"
M53,21,F,01-10-19/08:00-08:45,M,5,3,2,6,M5326,1:27,87,"Start med at gå til højre med det samme og gå ned af vejen. Så skal du tage anden vej til venstre, og gå ned af den vej for enden er blomsten.","3,342223242"
M53,21,F,01-10-19/08:00-08:45,B,5,3,3,1,B5331,4:29,269,"Start med at gå til højre med det samme, ved anden vej drejer du til venstre. Fortsæt ned af vejen til du når til tredje vej, den vej lige efter den blå blok med røde trekanter, der drejer du til højre og finder blomsten.","3,342223242"
M54,25,F,01-10-19/09:00-09:45,M,5,4,1,6,NaN,0:48,48,NaN,"4,046957185"
M54,25,F,01-10-19/09:00-09:45,M,5,4,2,2,M5422,2:54,175,"Start med at gå så langt til højre som muligt gå derefter op og ind ad nr. tre vej til venstre, der står blomsten. ","4,046957185"
M54,25,F,01-10-19/09:00-09:45,B,5,4,3,4,B5434,2:11,131,Start med at gå til højre gå op ad gang nummer to (mellem den gule og den blå bygning) Blomsten er på højre hånd for enden af den første blå bygning. ,"4,046957185"
M55,21,F,01-10-19/10:00-10:45,M,5,5,1,2,NaN,1:14,77,NaN,"1,847901176"
M55,21,F,01-10-19/10:00-10:45,M,5,5,2,4,M5524,3:07,187,"Tag vejen til højre og bagefter vej nummer 2 til venstre, og så den første vej til højre. Blomsten er der.","1,847901176"
M55,21,F,01-10-19/10:00-10:45,B,5,5,3,3,B5533,8:38,518,"Du går lige ud og ser det danske flag til højre (med grøn baggrund), så skal du til venstre, så tag vej nummer 2 til høje og blomsten ligger ved vej nummer 1 til venstre.","1,847901176"
M56,20,F,01-10-19/11:00-11:45,M,5,6,1,4,NaN,0:48,48,NaN,"2,964520868"
M56,20,F,01-10-19/11:00-11:45,M,5,6,2,1,M5621,3:49,229,"Start med at fortsætte lige ud og drej til højre, ved den fjerde vej. Gå så lige ud og gå ind af første vej til venstre. Der er blomsten. ","2,964520868"
M56,20,F,01-10-19/11:00-11:45,B,5,6,3,6,B5636,4:34,274,"Drej til højre, lige ud og drej til venstre ved anden vej. Fortsæt lige ud til du når for enden af den lyserøde bygning med lilla stjerner. Blomsten ligger dér. ","2,964520868"
M61,21,F,01-10-19/12:00-12:45,M,6,1,1,NaN,NaN,NaN,NaN,NaN,"4,611691478"
M61,21,F,01-10-19/12:00-12:45,M,6,1,2,4,M6124,4:50,290,Start med ryggen til start Gå ligeud indtil du ser den limegrønne bygning med røde firkanter Gå forbi denne bygning og drej til højre Gå ligeud Rosen vil være til din højre side placeret foran den bordeauxrøde bygning med blå firkanter,"4,611691478"
M61,21,F,01-10-19/12:00-12:45,B,6,1,3,6,B6136,5:13,313,Stå med ryggen til start Drej mod højre og gå ligeud Spot den gule bygning med røde trekanter (til venstre for dig) Drej til venstre efter denne bygning Gå lige ud forbi den gule bygning og den store hvide bygning med lyserøde stjerner Rosen vil være placeret et sted foran dig (og lige ved den hvide bygning med lyserøde stjerner),"4,611691478"
M62,25,M,02-10-19/09:00-09:45,M,6,2,1,4,NaN,1:09,69,NaN,"3,99729653"
M62,25,M,02-10-19/09:00-09:45,M,6,2,2,6,M6226,2:34,154,start med at gå til højre fra start. gå forbi en vej indtil du ser en hvid bygning med røde trekanter på din venstre side. efter denne bygning kigger du igen lige ud i banen og kan se blomsten. ,"3,99729653"
M62,25,M,02-10-19/09:00-09:45,B,6,2,3,1,B6231,8:20,500,lige ud fra start indtil du når den bagerste væg. stor høj figur der er blå med grønne runde cirkler. gå langs den og kig bagud ved første vej ,"3,99729653"
M63,21,M,02-10-19/14:00-14:45,M,6,3,1,6,NaN,0:48,48,NaN,"3,088972884"
M63,21,M,02-10-19/14:00-14:45,M,6,3,2,1,M6321,1:15,75,"Start med at gå ligeud et langt stykke indtil du kommer til en åben plads.; Når du kommer til den åbne plads, skal du kigge skråt til højre, klokken 2, hvor blomsten er placeret mellem 2 bygninger med runde prikker.","3,088972884"
M63,21,M,02-10-19/14:00-14:45,B,6,3,3,3,B6333,3:36,216,"Start med at gå til venstre, når du starter. Følg derefter banens yderste kant, indtil du finder blomsten.","3,088972884"
M64,22,M,02-10-19/15:00-15:45,M,6,4,1,1,NaN,0:42,42,NaN,"1,855636723"
M64,22,M,02-10-19/15:00-15:45,M,6,4,2,3,M6423,1:57,117,Drej til venstre med det samme ud af porten. Tag derefter den første højre. Fortsæt lige ud indtil du passerer blå bygninger til begge sider og drej til venstre lige før det røde tårn med blå stjerner.,"1,855636723"
M64,22,M,02-10-19/15:00-15:45,B,6,4,3,2,B6432,4:32,272,"Drej til højre lige ud af porten, fortsæt lige ud. Drej til venstre efter den gule bygning med røde trekanter. Fortsæt lige ud imellem den lyserøde bygning og den blå bygning. Drej til højre lige efter den blå bygning.","1,855636723"
M65,21,F,02-10-19/16:00-16:45,M,6,5,1,3,NaN,1:07,67,NaN,"1,690682551"
M65,21,F,02-10-19/16:00-16:45,M,6,5,2,2,M6522,4:49,289,Du går lige ud til du når en rød bygning med store blå tern. Her drejer du til venstre. Drej til højre anden gang. Inden længe er blomsten i en lille sidegade til venstre.,"1,690682551"
M65,21,F,02-10-19/16:00-16:45,B,6,5,3,5,B6535,4:04,244,Du går lige ud til du når en rød bygning med store blå tern. Her drejer du til venstre. Derefter drejer du til højre første gang. Kort tid efter er blomsten til venstre i en lille sidegade.,"1,690682551"
M66,22,F,04-10-19/10:00-10:45,M,6,6,1,2,NaN,3:11,191,NaN,"2,989365126"
M66,22,F,04-10-19/10:00-10:45,M,6,6,2,5,M6625,2:16,136,"Gå frem til du når den røde bygning med røde tern. Gå til venstre, der hvor bygningen er. Tag første vej på højre side. Derefter er den af første vej til venstre.  ","2,989365126"
M66,22,F,04-10-19/10:00-10:45,B,6,6,3,4,B6634,5:35,635,Gå direkte til højre ved porten. Følg denne vej indtil du når en lilla bygning med store blå tern. Drej til venstre ned af den vej. Blomsten ligger første vej til højre,"2,989365126"